{
  "description": "Robustness (bootstrap on shots) and Sensitivity (coefficients \u00b120%).",
  "formula": "\u03b7 \u2248 \u2212kurtosis + a\u00b7rate_ratio + b\u00b7cv_ratio",
  "n_bootstrap": 300,
  "n_sensitivity": 300,
  "perturb_frac": 0.2,
  "bootstrap": {
    "min_sep": {
      "mean": 0.9404925178683968,
      "std": 0.23382453865149624,
      "ci_2.5": 0.3730249421811992,
      "ci_97.5": 1.2108228994911077
    },
    "global_roc_auc": {
      "mean": 0.9819596911030886,
      "std": 0.0014253202336231784,
      "ci_2.5": 0.9789023703619933,
      "ci_97.5": 0.9844832508379906
    },
    "per_machine": {
      "C-Mod": {
        "sep_mean": 0.9404925178683968,
        "sep_std": 0.23382453865149624,
        "sep_ci_2.5": 0.3730249421811992,
        "sep_ci_97.5": 1.2108228994911077,
        "roc_mean": 0.7614783011840394,
        "roc_std": 0.06316024958041469,
        "roc_ci_2.5": 0.645949084106209,
        "roc_ci_97.5": 0.8812087704217091
      },
      "HL-2A": {
        "sep_mean": 9.362967557105794,
        "sep_std": 0.2344985890084022,
        "sep_ci_2.5": 8.98240762929266,
        "sep_ci_97.5": 9.85605469081984,
        "roc_mean": 0.9879532320869079,
        "roc_std": 0.0026550800403739422,
        "roc_ci_2.5": 0.9820704832633532,
        "roc_ci_97.5": 0.9924194331911509
      },
      "MAST": {
        "sep_mean": 11.82976335327906,
        "sep_std": 0.22377420548621627,
        "sep_ci_2.5": 11.380265035114848,
        "sep_ci_97.5": 12.315062421427715,
        "roc_mean": 0.9801409060724999,
        "roc_std": 0.0018983781840200234,
        "roc_ci_2.5": 0.9762185326685453,
        "roc_ci_97.5": 0.9832900849368932
      }
    }
  },
  "sensitivity": {
    "min_sep": {
      "mean": 1.0443067789257974,
      "std": 0.09303213859655386,
      "min": 0.8583217727048891,
      "max": 1.254072245709383
    },
    "global_roc_auc": {
      "mean": 0.9818264392068534,
      "std": 0.0010993704700527046,
      "min": 0.9793883483948005,
      "max": 0.9841657846888654
    }
  }
}