{
  "description": "Baseline / Ablation: single terms, 2-term, 3-term. Same data and convention as law-space.",
  "machines": [
    "C-Mod",
    "HL-2A",
    "MAST"
  ],
  "formulas": [
    {
      "formula": "kurtosis",
      "terms": 1,
      "description": "\u03b7 = -kurtosis",
      "min_sep": 0.5814707685276268,
      "global_roc_auc": 0.9648450432847566,
      "global_pr_auc": 0.8972296709527045,
      "per_machine": {
        "C-Mod": {
          "sep": 0.5814707685276268,
          "roc_auc": 0.7127461910070606,
          "pr_auc": 0.9858602912966304,
          "n_d": 414,
          "n_n": 13
        },
        "HL-2A": {
          "sep": 8.423065576621498,
          "roc_auc": 0.9778659909909909,
          "pr_auc": 0.9400293000779423,
          "n_d": 296,
          "n_n": 600
        },
        "MAST": {
          "sep": 10.690526471775975,
          "roc_auc": 0.9585139283619153,
          "pr_auc": 0.8314669690089972,
          "n_d": 674,
          "n_n": 3647
        }
      }
    },
    {
      "formula": "rate_ratio",
      "terms": 1,
      "description": "\u03b7 = rate_ratio",
      "min_sep": 0.1776874036521452,
      "global_roc_auc": 0.9898470786181444,
      "global_pr_auc": 0.9570594883037787,
      "per_machine": {
        "C-Mod": {
          "sep": 0.1776874036521452,
          "roc_auc": 0.5986622073578595,
          "pr_auc": 0.9773774240761137,
          "n_d": 414,
          "n_n": 13
        },
        "HL-2A": {
          "sep": 0.7067743973611429,
          "roc_auc": 0.9087499999999998,
          "pr_auc": 0.9171629829514378,
          "n_d": 296,
          "n_n": 600
        },
        "MAST": {
          "sep": 1.105142831905306,
          "roc_auc": 0.9950424681397416,
          "pr_auc": 0.9497395600126294,
          "n_d": 674,
          "n_n": 3647
        }
      }
    },
    {
      "formula": "cv_ratio",
      "terms": 1,
      "description": "\u03b7 = cv_ratio",
      "min_sep": 0.5053403581098317,
      "global_roc_auc": 0.8157504274200114,
      "global_pr_auc": 0.628368669470286,
      "per_machine": {
        "C-Mod": {
          "sep": 0.5053403581098317,
          "roc_auc": 0.721850613154961,
          "pr_auc": 0.9867576356512563,
          "n_d": 414,
          "n_n": 13
        },
        "HL-2A": {
          "sep": 0.6176925337582684,
          "roc_auc": 0.8251238738738739,
          "pr_auc": 0.8573781407604317,
          "n_d": 296,
          "n_n": 600
        },
        "MAST": {
          "sep": 0.622325673622619,
          "roc_auc": 0.8077628130596345,
          "pr_auc": 0.5013364558022421,
          "n_d": 674,
          "n_n": 3647
        }
      }
    },
    {
      "formula": "-kurtosis + rate_ratio",
      "terms": 2,
      "description": "\u03b7 = -kurtosis + rate_ratio",
      "min_sep": 0.6801539404322252,
      "global_roc_auc": 0.9857508005644657,
      "global_pr_auc": 0.9609347320377156,
      "per_machine": {
        "C-Mod": {
          "sep": 0.6801539404322252,
          "roc_auc": 0.7103307320698624,
          "pr_auc": 0.9867555550896698,
          "n_d": 414,
          "n_n": 13
        },
        "HL-2A": {
          "sep": 9.02534804706205,
          "roc_auc": 0.9882376126126126,
          "pr_auc": 0.9769384622772185,
          "n_d": 296,
          "n_n": 600
        },
        "MAST": {
          "sep": 11.735271610780364,
          "roc_auc": 0.9845293762036844,
          "pr_auc": 0.9377816634005604,
          "n_d": 674,
          "n_n": 3647
        }
      }
    },
    {
      "formula": "-kurtosis + cv_ratio",
      "terms": 2,
      "description": "\u03b7 = -kurtosis + cv_ratio",
      "min_sep": 0.948552795367527,
      "global_roc_auc": 0.9694908613530897,
      "global_pr_auc": 0.8955736641483701,
      "per_machine": {
        "C-Mod": {
          "sep": 0.948552795367527,
          "roc_auc": 0.8023039762170197,
          "pr_auc": 0.9916091656230055,
          "n_d": 414,
          "n_n": 13
        },
        "HL-2A": {
          "sep": 9.009432862820386,
          "roc_auc": 0.9841779279279279,
          "pr_auc": 0.9670170863838929,
          "n_d": 296,
          "n_n": 600
        },
        "MAST": {
          "sep": 11.079567261577454,
          "roc_auc": 0.9643453136963106,
          "pr_auc": 0.818676520742852,
          "n_d": 674,
          "n_n": 3647
        }
      }
    },
    {
      "formula": "3-term law",
      "terms": 3,
      "description": "\u03b7 = -kurtosis + 0.80*rate_ratio + 0.65*cv_ratio",
      "min_sep": 1.0712729086846422,
      "global_roc_auc": 0.981903002795191,
      "global_pr_auc": 0.9449885339808997,
      "per_machine": {
        "C-Mod": {
          "sep": 1.0712729086846422,
          "roc_auc": 0.7569676700111483,
          "pr_auc": 0.9896808091261936,
          "n_d": 414,
          "n_n": 13
        },
        "HL-2A": {
          "sep": 9.343742203559113,
          "roc_auc": 0.9878209459459459,
          "pr_auc": 0.9761738349362763,
          "n_d": 296,
          "n_n": 600
        },
        "MAST": {
          "sep": 11.786085178979224,
          "roc_auc": 0.9801544133261841,
          "pr_auc": 0.9069242690725069,
          "n_d": 674,
          "n_n": 3647
        }
      }
    }
  ]
}