{
  "summary": {
    "inZORi": {
      "<40%": {
        "n1_mean": 91.15,
        "n1_std": 27.86,
        "base_pct": 91.6,
        "count": 3264
      },
      "40-55%": {
        "n1_mean": 80.63,
        "n1_std": 38.99,
        "base_pct": 81.6,
        "count": 5082
      },
      "55-65%": {
        "n1_mean": 70.41,
        "n1_std": 45.34,
        "base_pct": 71.1,
        "count": 4224
      },
      "65-75%": {
        "n1_mean": 61.49,
        "n1_std": 48.39,
        "base_pct": 62.0,
        "count": 3852
      },
      ">75%": {
        "n1_mean": 52.72,
        "n1_std": 49.68,
        "base_pct": 53.0,
        "count": 10074
      }
    },
    "NR-4": {
      "<40%": {
        "n1_mean": 71.49,
        "n1_std": 44.7,
        "base_pct": 71.8,
        "count": 3264
      },
      "40-55%": {
        "n1_mean": 66.58,
        "n1_std": 46.91,
        "base_pct": 66.8,
        "count": 5082
      },
      "55-65%": {
        "n1_mean": 58.98,
        "n1_std": 48.93,
        "base_pct": 59.2,
        "count": 4224
      },
      "65-75%": {
        "n1_mean": 53.64,
        "n1_std": 49.63,
        "base_pct": 53.9,
        "count": 3852
      },
      ">75%": {
        "n1_mean": 44.35,
        "n1_std": 49.44,
        "base_pct": 44.6,
        "count": 10074
      }
    },
    "NR-30": {
      "<40%": {
        "n1_mean": 99.83,
        "n1_std": 1.44,
        "base_pct": 100.0,
        "count": 3264
      },
      "40-55%": {
        "n1_mean": 99.85,
        "n1_std": 1.42,
        "base_pct": 100.0,
        "count": 5082
      },
      "55-65%": {
        "n1_mean": 99.3,
        "n1_std": 6.68,
        "base_pct": 99.6,
        "count": 4224
      },
      "65-75%": {
        "n1_mean": 97.12,
        "n1_std": 15.41,
        "base_pct": 97.5,
        "count": 3852
      },
      ">75%": {
        "n1_mean": 96.79,
        "n1_std": 16.52,
        "base_pct": 97.2,
        "count": 10074
      }
    },
    "inZORi_by_load": {
      "1.18": 99.47777777777777,
      "1.2": 63.14315025252525,
      "1.22": 25.201796271032286,
      "1.25": 0.2080856123662307,
      "1.27": 0.0,
      "1.3": 0.0
    },
    "NR-4_by_load": {
      "1.18": 0.011111111111111112,
      "1.2": 0.0,
      "1.22": 0.0,
      "1.25": 0.0,
      "1.27": 0.0,
      "1.3": 0.0
    },
    "NR-30_by_load": {
      "1.18": 99.8,
      "1.2": 99.75931186868686,
      "1.22": 99.74704411095952,
      "1.25": 99.64823622671423,
      "1.27": 99.36221622836592,
      "1.3": 87.26249483684428
    }
  },
  "elapsed_s": 3009.1090946230106
}